"y","x001","x002","x003","x004","x005","x006","x007","x008","x009","x010","x011","x012","x013","x014"
0,-1.069139377167,-0.653137775721146,-2.12993091808961,1.55838986135719,-0.188690710103128,-1.32849940599973,-1.28629343999159,-0.981442005894162,-0.75310712323283,-0.614894493628771,-0.573833005358096,2.59397330965399,2.53537997340692,1.41474243812483
12383.6796875,-0.783420788410629,0.0018363761266763,-2.12993091808961,-0.641448069582378,-0.188690710103128,-1.32849940599973,-1.28629343999159,-0.789746592214905,-0.130074584349808,-0.614894493628771,-0.573833005358096,2.59397330965399,2.53537997340692,-0.706578202000684
0,-1.16437890675246,-0.980624851645057,-2.12993091808961,1.55838986135719,-0.188690710103128,-1.32849940599973,-1.28629343999159,-1.04012427538781,-1.02214390138686,-0.614894493628771,-0.573833005358096,2.59397330965399,2.53537997340692,1.41474243812483
10740.080078125,-1.5453370250943,-0.980624851645057,-2.12993091808961,1.55838986135719,-0.188690710103128,-1.32849940599973,-1.28629343999159,-1.24877234469857,-1.02214390138686,-0.614894493628771,-0.573833005358096,2.59397330965399,2.53537997340692,1.41474243812483
11796.4697265625,1.02613027371309,-0.325650699797235,-2.12993091808961,1.55838986135719,-0.188690710103128,-1.32849940599973,-1.28629343999159,0.969417442161407,-0.455750684220478,-0.614894493628771,-0.573833005358096,2.59397330965399,2.53537997340692,1.41474243812483
9227.0517578125,-1.5453370250943,-0.980624851645057,-2.12993091808961,1.55838986135719,-0.188690710103128,-1.32849940599973,-1.28629343999159,-1.24877234469857,-1.02214390138686,-0.614894493628771,-0.573833005358096,2.59397330965399,2.53537997340692,1.41474243812483
10569.26953125,-0.973899847581546,-1.30811192756897,-2.12993091808961,-0.641448069582378,-0.188690710103128,-1.32849940599973,-1.28629343999159,-0.920151635534128,-1.26286101868257,-0.614894493628771,-0.573833005358096,2.59397330965399,2.53537997340692,1.41474243812483
6040.3349609375,-0.0215045517269594,-0.325650699797235,0.469323281677592,1.55838986135719,-0.188690710103128,-1.32849940599973,-1.28629343999159,-0.163802384282637,-0.455750684220478,-0.614894493628771,-0.573833005358096,2.59397330965399,2.53537997340692,1.41474243812483
3880.8330078125,-0.973899847581546,-2.61806023126461,-2.12993091808961,-0.641448069582378,5.29769678474325,-1.32849940599973,-1.28629343999159,-0.920151635534128,-1.94253287928223,-0.614894493628771,-0.573833005358096,2.59397330965399,2.53537997340692,1.41474243812483
0,0.168974507443958,-0.653137775721146,-2.12993091808961,1.55838986135719,-0.188690710103128,-1.32849940599973,-1.28629343999159,0.0187646763642747,-0.75310712323283,-0.614894493628771,-0.573833005358096,2.59397330965399,2.53537997340692,1.41474243812483
5775.06201171875,-1.25961843633792,0.656810527974498,-2.12993091808961,1.55838986135719,-0.188690710103128,-1.32849940599973,-1.28629343999159,-1.09619844401508,0.606236597966489,-0.614894493628771,-0.573833005358096,2.59397330965399,2.53537997340692,-0.706578202000684
0,-0.592941729239711,-0.980624851645057,-2.12993091808961,1.55838986135719,-0.188690710103128,-1.32849940599973,-1.28629343999159,-0.648909145430145,-1.02214390138686,-0.614894493628771,-0.573833005358096,2.59397330965399,2.53537997340692,1.41474243812483
0,-0.68818125882517,-1.63559900349288,0.469323281677592,1.55838986135719,-0.188690710103128,-1.32849940599973,-1.28629343999159,-0.720631919255717,-1.47525847511997,-0.614894493628771,-0.573833005358096,2.59397330965399,2.53537997340692,1.41474243812483
0,-1.45009749550884,-0.325650699797235,-2.12993091808961,-0.641448069582378,-0.188690710103128,-1.32849940599973,-1.28629343999159,-1.20052247867046,-0.455750684220478,-0.614894493628771,-0.573833005358096,2.59397330965399,2.53537997340692,1.41474243812483
0,-1.35485796592338,-1.30811192756897,-2.12993091808961,1.55838986135719,-0.188690710103128,-1.32849940599973,-1.28629343999159,-1.14966451177596,-1.26286101868257,-0.614894493628771,-0.573833005358096,2.59397330965399,2.53537997340692,1.41474243812483
2113.72192382812,-0.0215045517269594,0.0018363761266763,-2.12993091808961,1.55838986135719,-0.188690710103128,-1.32849940599973,-1.28629343999159,-0.163802384282637,-0.130074584349808,-0.614894493628771,-0.573833005358096,2.59397330965399,2.53537997340692,-0.706578202000684
7618.63916015625,-0.973899847581546,-0.653137775721146,-2.12993091808961,1.55838986135719,-0.188690710103128,-1.32849940599973,-1.28629343999159,-0.920151635534128,-0.75310712323283,-0.614894493628771,-0.573833005358096,2.59397330965399,2.53537997340692,1.41474243812483
9920.9453125,-1.16437890675246,-1.30811192756897,-2.12993091808961,-0.641448069582378,5.29769678474325,-1.32849940599973,-1.28629343999159,-1.04012427538781,-1.26286101868257,-0.614894493628771,-0.573833005358096,2.59397330965399,2.53537997340692,1.41474243812483
4196.375,-0.878660317996087,-0.325650699797235,-2.12993091808961,1.55838986135719,-0.188690710103128,-1.32849940599973,-1.28629343999159,-0.856253164307709,-0.455750684220478,-0.614894493628771,-0.573833005358096,2.59397330965399,2.53537997340692,1.41474243812483
0,0.454693096200334,-0.980624851645057,-2.12993091808961,1.55838986135719,-0.188690710103128,-1.32849940599973,-1.28629343999159,0.312176023832525,-1.02214390138686,-0.614894493628771,-0.573833005358096,2.59397330965399,2.53537997340692,1.41474243812483
16658.25,-1.45009749550884,-0.980624851645057,0.469323281677592,1.55838986135719,-0.188690710103128,-1.32849940599973,-1.28629343999159,-1.20052247867046,-1.02214390138686,-0.614894493628771,-0.573833005358096,2.59397330965399,2.53537997340692,1.41474243812483
9722.0029296875,0.930890744127627,-0.980624851645057,-2.12993091808961,1.55838986135719,-0.188690710103128,-1.32849940599973,-1.28629343999159,0.853356953607299,-1.02214390138686,-0.614894493628771,-0.573833005358096,2.59397330965399,2.53537997340692,1.41474243812483
3783.65991210938,-0.68818125882517,-1.30811192756897,-2.12993091808961,1.55838986135719,-0.188690710103128,-1.32849940599973,-1.28629343999159,-0.720631919255717,-1.26286101868257,-0.614894493628771,-0.573833005358096,2.59397330965399,2.53537997340692,1.41474243812483
3515.92895507812,-0.878660317996087,-1.30811192756897,-2.12993091808961,1.55838986135719,-0.188690710103128,-1.32849940599973,-1.28629343999159,-0.856253164307709,-1.26286101868257,-0.614894493628771,-0.573833005358096,2.59397330965399,2.53537997340692,1.41474243812483
17014.58984375,-0.307223140483335,-0.653137775721146,-2.12993091808961,1.55838986135719,-0.188690710103128,-1.32849940599973,-1.28629343999159,-0.418092218755121,-0.75310712323283,-0.614894493628771,-0.573833005358096,2.59397330965399,2.53537997340692,1.41474243812483
0,-0.0215045517269594,-0.653137775721146,0.469323281677592,1.55838986135719,-0.188690710103128,-1.32849940599973,-1.28629343999159,-0.163802384282637,-0.75310712323283,-0.614894493628771,-0.573833005358096,2.59397330965399,2.53537997340692,1.41474243812483
0,-1.25961843633792,-1.63559900349288,-2.12993091808961,-0.641448069582378,5.29769678474325,-1.32849940599973,-1.28629343999159,-1.09619844401508,-1.47525847511997,-0.614894493628771,-0.573833005358096,2.59397330965399,2.53537997340692,1.41474243812483
5970.2568359375,-0.116744081312418,0.0018363761266763,-2.12993091808961,1.55838986135719,-0.188690710103128,-1.32849940599973,-1.28629343999159,-0.251173763306516,-0.130074584349808,-0.614894493628771,-0.573833005358096,2.59397330965399,2.53537997340692,-0.706578202000684
1859.1669921875,-1.5453370250943,-0.653137775721146,-2.12993091808961,-0.641448069582378,5.29769678474325,-1.32849940599973,-1.28629343999159,-1.24877234469857,-0.75310712323283,-0.614894493628771,-0.573833005358096,2.59397330965399,2.53537997340692,1.41474243812483
6191.94287109375,-0.783420788410629,0.0018363761266763,0.469323281677592,1.55838986135719,-0.188690710103128,-1.32849940599973,-1.28629343999159,-0.789746592214905,-0.130074584349808,-0.614894493628771,-0.573833005358096,2.59397330965399,2.53537997340692,-0.706578202000684
7284.39404296875,-0.307223140483335,0.0018363761266763,-2.12993091808961,1.55838986135719,-0.188690710103128,-1.32849940599973,-1.28629343999159,-0.418092218755121,-0.130074584349808,-0.614894493628771,-0.573833005358096,2.59397330965399,2.53537997340692,-0.706578202000684
445.830902099609,0.0737349778584993,-0.653137775721146,-2.12993091808961,1.55838986135719,-0.188690710103128,-1.32849940599973,-1.28629343999159,-0.0738229043923733,-0.75310712323283,-0.614894493628771,-0.573833005358096,2.59397330965399,2.53537997340692,1.41474243812483
0,-1.35485796592338,0.0018363761266763,-2.12993091808961,1.55838986135719,-0.188690710103128,-1.32849940599973,-1.28629343999159,-1.14966451177596,-0.130074584349808,-0.614894493628771,-0.573833005358096,2.59397330965399,2.53537997340692,-0.706578202000684
0,-0.878660317996087,-0.325650699797235,-2.12993091808961,1.55838986135719,-0.188690710103128,-1.32849940599973,-1.28629343999159,-0.856253164307709,-0.455750684220478,-0.614894493628771,-0.573833005358096,2.59397330965399,2.53537997340692,1.41474243812483
7367.0400390625,-0.878660317996087,-0.653137775721146,-2.12993091808961,1.55838986135719,-0.188690710103128,-1.32849940599973,-1.28629343999159,-0.856253164307709,-0.75310712323283,-0.614894493628771,-0.573833005358096,2.59397330965399,2.53537997340692,1.41474243812483
0,0.0737349778584993,-0.325650699797235,-2.12993091808961,1.55838986135719,-0.188690710103128,-1.32849940599973,-1.28629343999159,-0.0738229043923733,-0.455750684220478,-0.614894493628771,-0.573833005358096,2.59397330965399,2.53537997340692,1.41474243812483
2015.50305175781,-1.35485796592338,-0.653137775721146,-2.12993091808961,1.55838986135719,-0.188690710103128,-1.32849940599973,-1.28629343999159,-1.14966451177596,-0.75310712323283,-0.614894493628771,-0.573833005358096,2.59397330965399,2.53537997340692,1.41474243812483
15791.1298828125,-0.878660317996087,-0.980624851645057,-2.12993091808961,-0.641448069582378,5.29769678474325,-1.32849940599973,-1.28629343999159,-0.856253164307709,-1.02214390138686,-0.614894493628771,-0.573833005358096,2.59397330965399,2.53537997340692,1.41474243812483
1135.46997070312,-0.68818125882517,-0.653137775721146,-2.12993091808961,1.55838986135719,-0.188690710103128,-1.32849940599973,-1.28629343999159,-0.720631919255717,-0.75310712323283,-0.614894493628771,-0.573833005358096,2.59397330965399,2.53537997340692,1.41474243812483
6378.72021484375,-1.35485796592338,-0.325650699797235,-2.12993091808961,-0.641448069582378,5.29769678474325,-1.32849940599973,-1.28629343999159,-1.14966451177596,-0.455750684220478,-0.614894493628771,-0.573833005358096,2.59397330965399,2.53537997340692,1.41474243812483
7176.18701171875,-0.783420788410629,-0.325650699797235,-2.12993091808961,1.55838986135719,-0.188690710103128,-1.32849940599973,-1.28629343999159,-0.789746592214905,-0.455750684220478,-0.614894493628771,-0.573833005358096,2.59397330965399,2.53537997340692,1.41474243812483
0,0.359453566614875,-1.30811192756897,-2.12993091808961,1.55838986135719,-0.188690710103128,-1.32849940599973,-1.28629343999159,0.211764140476724,-1.26286101868257,-0.614894493628771,-0.573833005358096,2.59397330965399,2.53537997340692,1.41474243812483
7952.5400390625,-0.0215045517269594,-0.653137775721146,-2.12993091808961,1.55838986135719,-0.188690710103128,-1.32849940599973,-1.28629343999159,-0.163802384282637,-0.75310712323283,-0.614894493628771,-0.573833005358096,2.59397330965399,2.53537997340692,1.41474243812483
0,-1.45009749550884,0.0018363761266763,-2.12993091808961,1.55838986135719,-0.188690710103128,-1.32849940599973,-1.28629343999159,-1.20052247867046,-0.130074584349808,-0.614894493628771,-0.573833005358096,2.59397330965399,2.53537997340692,-0.706578202000684
7152.1318359375,-0.211983610897877,-1.30811192756897,-2.12993091808961,1.55838986135719,-0.188690710103128,-1.32849940599973,-1.28629343999159,-0.335937041464011,-1.26286101868257,-0.614894493628771,-0.573833005358096,2.59397330965399,2.53537997340692,1.41474243812483
8329.8232421875,-1.35485796592338,-0.980624851645057,-2.12993091808961,-0.641448069582378,5.29769678474325,-1.32849940599973,-1.28629343999159,-1.14966451177596,-1.02214390138686,-0.614894493628771,-0.573833005358096,2.59397330965399,2.53537997340692,1.41474243812483
0,-1.069139377167,-0.653137775721146,-2.12993091808961,1.55838986135719,-0.188690710103128,-1.32849940599973,-1.28629343999159,-0.981442005894162,-0.75310712323283,-0.614894493628771,-0.573833005358096,2.59397330965399,2.53537997340692,1.41474243812483
12429.91015625,0.359453566614875,-0.653137775721146,-2.12993091808961,1.55838986135719,-0.188690710103128,-1.32849940599973,-1.28629343999159,0.211764140476724,-0.75310712323283,-0.614894493628771,-0.573833005358096,2.59397330965399,2.53537997340692,1.41474243812483
0,-0.973899847581546,-0.325650699797235,-2.12993091808961,1.55838986135719,-0.188690710103128,-1.32849940599973,-1.28629343999159,-0.920151635534128,-0.455750684220478,-0.614894493628771,-0.573833005358096,2.59397330965399,2.53537997340692,1.41474243812483
5088.759765625,-1.069139377167,-0.325650699797235,-2.12993091808961,1.55838986135719,-0.188690710103128,-1.32849940599973,-1.28629343999159,-0.981442005894162,-0.455750684220478,-0.614894493628771,-0.573833005358096,2.59397330965399,2.53537997340692,1.41474243812483
4374.0400390625,-1.35485796592338,-1.63559900349288,-2.12993091808961,-0.641448069582378,5.29769678474325,-1.32849940599973,-1.28629343999159,-1.14966451177596,-1.47525847511997,-0.614894493628771,-0.573833005358096,2.59397330965399,2.53537997340692,1.41474243812483
1553.291015625,-1.25961843633792,-0.325650699797235,-2.12993091808961,1.55838986135719,-0.188690710103128,-1.32849940599973,-1.28629343999159,-1.09619844401508,-0.455750684220478,-0.614894493628771,-0.573833005358096,2.59397330965399,2.53537997340692,1.41474243812483
0,-0.878660317996087,-0.653137775721146,-2.12993091808961,1.55838986135719,-0.188690710103128,-1.32849940599973,-1.28629343999159,-0.856253164307709,-0.75310712323283,-0.614894493628771,-0.573833005358096,2.59397330965399,2.53537997340692,1.41474243812483
1698.30395507812,-1.16437890675246,-0.325650699797235,0.469323281677592,1.55838986135719,-0.188690710103128,-1.32849940599973,-1.28629343999159,-1.04012427538781,-0.455750684220478,-0.614894493628771,-0.573833005358096,2.59397330965399,2.53537997340692,1.41474243812483
0,-1.069139377167,-0.325650699797235,-2.12993091808961,1.55838986135719,-0.188690710103128,-1.32849940599973,-1.28629343999159,-0.981442005894162,-0.455750684220478,-0.614894493628771,-0.573833005358096,2.59397330965399,2.53537997340692,1.41474243812483
11294.6298828125,-0.973899847581546,0.0018363761266763,-2.12993091808961,-0.641448069582378,-0.188690710103128,-1.32849940599973,-1.28629343999159,-0.920151635534128,-0.130074584349808,-0.614894493628771,-0.573833005358096,2.59397330965399,2.53537997340692,-0.706578202000684
0,-0.497702199654253,-0.325650699797235,-2.12993091808961,1.55838986135719,-0.188690710103128,-1.32849940599973,-1.28629343999159,-0.574578270738188,-0.455750684220478,-0.614894493628771,-0.573833005358096,2.59397330965399,2.53537997340692,1.41474243812483
14626.3896484375,-0.973899847581546,-0.325650699797235,-2.12993091808961,1.55838986135719,-0.188690710103128,-1.32849940599973,-1.28629343999159,-0.920151635534128,-0.455750684220478,-0.614894493628771,-0.573833005358096,2.59397330965399,2.53537997340692,1.41474243812483
12898.3798828125,-1.16437890675246,-0.980624851645057,-2.12993091808961,1.55838986135719,-0.188690710103128,-1.32849940599973,-1.28629343999159,-1.04012427538781,-1.02214390138686,-0.614894493628771,-0.573833005358096,2.59397330965399,2.53537997340692,1.41474243812483
5767.1328125,-0.592941729239711,-0.325650699797235,-2.12993091808961,1.55838986135719,-0.188690710103128,-1.32849940599973,-1.28629343999159,-0.648909145430145,-0.455750684220478,-0.614894493628771,-0.573833005358096,2.59397330965399,2.53537997340692,1.41474243812483
6527.9189453125,-1.5453370250943,-0.653137775721146,-2.12993091808961,-0.641448069582378,5.29769678474325,-1.32849940599973,-1.28629343999159,-1.24877234469857,-0.75310712323283,-0.614894493628771,-0.573833005358096,2.59397330965399,2.53537997340692,1.41474243812483
3931.23803710938,-0.783420788410629,-0.653137775721146,-2.12993091808961,1.55838986135719,-0.188690710103128,-1.32849940599973,-1.28629343999159,-0.789746592214905,-0.75310712323283,-0.614894493628771,-0.573833005358096,2.59397330965399,2.53537997340692,1.41474243812483
20942.240234375,-0.878660317996087,-0.653137775721146,-2.12993091808961,1.55838986135719,-0.188690710103128,-1.32849940599973,-1.28629343999159,-0.856253164307709,-0.75310712323283,-0.614894493628771,-0.573833005358096,2.59397330965399,2.53537997340692,1.41474243812483
0,-0.973899847581546,-0.653137775721146,-2.12993091808961,1.55838986135719,-0.188690710103128,-1.32849940599973,-1.28629343999159,-0.920151635534128,-0.75310712323283,-0.614894493628771,-0.573833005358096,2.59397330965399,2.53537997340692,1.41474243812483
0,-0.783420788410629,-2.2905731553407,-2.12993091808961,1.55838986135719,-0.188690710103128,-1.32849940599973,-1.28629343999159,-0.789746592214905,-1.8150944054198,-0.614894493628771,-0.573833005358096,2.59397330965399,2.53537997340692,1.41474243812483
14690.349609375,0.168974507443958,-0.653137775721146,-2.12993091808961,1.55838986135719,-0.188690710103128,-1.32849940599973,-1.28629343999159,0.0187646763642747,-0.75310712323283,-0.614894493628771,-0.573833005358096,2.59397330965399,2.53537997340692,1.41474243812483
0,-1.16437890675246,-0.325650699797235,-2.12993091808961,1.55838986135719,-0.188690710103128,-1.32849940599973,-1.28629343999159,-1.04012427538781,-0.455750684220478,-0.614894493628771,-0.573833005358096,2.59397330965399,2.53537997340692,1.41474243812483
3418.09692382812,-0.878660317996087,0.0018363761266763,-2.12993091808961,1.55838986135719,-0.188690710103128,-1.32849940599973,-1.28629343999159,-0.856253164307709,-0.130074584349808,-0.614894493628771,-0.573833005358096,2.59397330965399,2.53537997340692,-0.706578202000684
11197.33984375,-0.68818125882517,-0.325650699797235,-2.12993091808961,1.55838986135719,-0.188690710103128,-1.32849940599973,-1.28629343999159,-0.720631919255717,-0.455750684220478,-0.614894493628771,-0.573833005358096,2.59397330965399,2.53537997340692,1.41474243812483
0,-0.497702199654253,-1.30811192756897,-2.12993091808961,1.55838986135719,-0.188690710103128,-1.32849940599973,-1.28629343999159,-0.574578270738188,-1.26286101868257,-0.614894493628771,-0.573833005358096,2.59397330965399,2.53537997340692,1.41474243812483
0,-0.973899847581546,0.0018363761266763,-2.12993091808961,1.55838986135719,-0.188690710103128,-1.32849940599973,-1.28629343999159,-0.920151635534128,-0.130074584349808,-0.614894493628771,-0.573833005358096,2.59397330965399,2.53537997340692,-0.706578202000684
0,-1.16437890675246,-0.653137775721146,-2.12993091808961,1.55838986135719,-0.188690710103128,-1.32849940599973,-1.28629343999159,-1.04012427538781,-0.75310712323283,-0.614894493628771,-0.573833005358096,2.59397330965399,2.53537997340692,1.41474243812483
1455.68994140625,-0.973899847581546,-1.63559900349288,-2.12993091808961,1.55838986135719,-0.188690710103128,-1.32849940599973,-1.28629343999159,-0.920151635534128,-1.47525847511997,-0.614894493628771,-0.573833005358096,2.59397330965399,2.53537997340692,1.41474243812483
1890.93701171875,-0.497702199654253,0.0018363761266763,-2.12993091808961,1.55838986135719,-0.188690710103128,-1.32849940599973,-1.28629343999159,-0.574578270738188,-0.130074584349808,-0.614894493628771,-0.573833005358096,2.59397330965399,2.53537997340692,-0.706578202000684
4485.6162109375,-0.878660317996087,-0.325650699797235,0.469323281677592,-0.641448069582378,5.29769678474325,-1.32849940599973,-1.28629343999159,-0.856253164307709,-0.455750684220478,-0.614894493628771,-0.573833005358096,2.59397330965399,2.53537997340692,1.41474243812483
13613.349609375,-0.402462670068794,0.0018363761266763,-2.12993091808961,1.55838986135719,-0.188690710103128,-1.32849940599973,-1.28629343999159,-0.497639295179847,-0.130074584349808,-0.614894493628771,-0.573833005358096,2.59397330965399,2.53537997340692,-0.706578202000684
1390.50903320312,-1.16437890675246,-1.30811192756897,-2.12993091808961,1.55838986135719,-0.188690710103128,-1.32849940599973,-1.28629343999159,-1.04012427538781,-1.26286101868257,-0.614894493628771,-0.573833005358096,2.59397330965399,2.53537997340692,1.41474243812483
5843.7958984375,1.97852556956767,-2.94554730718852,-2.12993091808961,1.55838986135719,-0.188690710103128,-1.32849940599973,-1.28629343999159,2.27346787535363,-2.04165169228635,-0.614894493628771,-0.573833005358096,2.59397330965399,2.53537997340692,1.41474243812483
8598.5224609375,-1.35485796592338,-0.653137775721146,-2.12993091808961,1.55838986135719,-0.188690710103128,-1.32849940599973,-1.28629343999159,-1.14966451177596,-0.75310712323283,-0.614894493628771,-0.573833005358096,2.59397330965399,2.53537997340692,1.41474243812483
2920.19897460938,-0.0215045517269594,-0.325650699797235,-2.12993091808961,1.55838986135719,-0.188690710103128,-1.32849940599973,-1.28629343999159,-0.163802384282637,-0.455750684220478,-0.614894493628771,-0.573833005358096,2.59397330965399,2.53537997340692,1.41474243812483
0,-1.16437890675246,0.0018363761266763,-2.12993091808961,1.55838986135719,-0.188690710103128,-1.32849940599973,-1.28629343999159,-1.04012427538781,-0.130074584349808,-0.614894493628771,-0.573833005358096,2.59397330965399,2.53537997340692,-0.706578202000684
6735.31982421875,-0.211983610897877,0.0018363761266763,0.469323281677592,-0.641448069582378,5.29769678474325,-1.32849940599973,-1.28629343999159,-0.335937041464011,-0.130074584349808,-0.614894493628771,-0.573833005358096,2.59397330965399,2.53537997340692,-0.706578202000684
0,-0.307223140483335,-0.653137775721146,-2.12993091808961,1.55838986135719,-0.188690710103128,-1.32849940599973,-1.28629343999159,-0.418092218755121,-0.75310712323283,-0.614894493628771,-0.573833005358096,2.59397330965399,2.53537997340692,1.41474243812483
0,-1.5453370250943,-0.980624851645057,-2.12993091808961,1.55838986135719,-0.188690710103128,-1.32849940599973,-1.28629343999159,-1.24877234469857,-1.02214390138686,-0.614894493628771,-0.573833005358096,2.59397330965399,2.53537997340692,1.41474243812483
0,1.50232792164038,-0.653137775721146,-2.12993091808961,-0.641448069582378,5.29769678474325,-1.32849940599973,-1.28629343999159,1.58884139792771,-0.75310712323283,-0.614894493628771,-0.573833005358096,2.59397330965399,2.53537997340692,1.41474243812483
44.7554588317871,-0.878660317996087,-0.325650699797235,0.469323281677592,1.55838986135719,-0.188690710103128,-1.32849940599973,-1.28629343999159,-0.856253164307709,-0.455750684220478,-0.614894493628771,-0.573833005358096,2.59397330965399,2.53537997340692,1.41474243812483
0,-1.069139377167,-0.653137775721146,0.469323281677592,1.55838986135719,-0.188690710103128,-1.32849940599973,-1.28629343999159,-0.981442005894162,-0.75310712323283,-0.614894493628771,-0.573833005358096,2.59397330965399,2.53537997340692,1.41474243812483
0,0.359453566614875,-0.653137775721146,-2.12993091808961,1.55838986135719,-0.188690710103128,-1.32849940599973,-1.28629343999159,0.211764140476724,-0.75310712323283,-0.614894493628771,-0.573833005358096,2.59397330965399,2.53537997340692,1.41474243812483
3701.81201171875,-0.878660317996087,-0.653137775721146,0.469323281677592,1.55838986135719,-0.188690710103128,-1.32849940599973,-1.28629343999159,-0.856253164307709,-0.75310712323283,-0.614894493628771,-0.573833005358096,2.59397330965399,2.53537997340692,1.41474243812483
6930.3359375,0.74041168495671,-0.653137775721146,-2.12993091808961,1.55838986135719,-0.188690710103128,-1.32849940599973,-1.28629343999159,0.629060279098236,-0.75310712323283,-0.614894493628771,-0.573833005358096,2.59397330965399,2.53537997340692,1.41474243812483
3795.79907226562,0.454693096200334,0.0018363761266763,0.469323281677592,1.55838986135719,-0.188690710103128,-1.32849940599973,-1.28629343999159,0.312176023832525,-0.130074584349808,-0.614894493628771,-0.573833005358096,2.59397330965399,2.53537997340692,-0.706578202000684
5193.2470703125,-0.0215045517269594,0.329323452050587,0.469323281677592,1.55838986135719,-0.188690710103128,-1.32849940599973,-1.28629343999159,-0.163802384282637,0.223921176379181,-0.614894493628771,-0.573833005358096,2.59397330965399,2.53537997340692,-0.706578202000684
2193.52807617188,-0.973899847581546,-1.63559900349288,-2.12993091808961,1.55838986135719,-0.188690710103128,-1.32849940599973,-1.28629343999159,-0.920151635534128,-1.47525847511997,-0.614894493628771,-0.573833005358096,2.59397330965399,2.53537997340692,1.41474243812483
11120.5302734375,-0.211983610897877,-0.325650699797235,-2.12993091808961,1.55838986135719,-0.188690710103128,-1.32849940599973,-1.28629343999159,-0.335937041464011,-0.455750684220478,-0.614894493628771,-0.573833005358096,2.59397330965399,2.53537997340692,1.41474243812483
7609.51806640625,-0.68818125882517,0.329323452050587,-2.12993091808961,1.55838986135719,-0.188690710103128,-1.32849940599973,-1.28629343999159,-0.720631919255717,0.223921176379181,-0.614894493628771,-0.573833005358096,2.59397330965399,2.53537997340692,-0.706578202000684
2169.02709960938,-0.783420788410629,-0.653137775721146,-2.12993091808961,1.55838986135719,-0.188690710103128,-1.32849940599973,-1.28629343999159,-0.789746592214905,-0.75310712323283,-0.614894493628771,-0.573833005358096,2.59397330965399,2.53537997340692,1.41474243812483
0,0.930890744127627,-0.325650699797235,-2.12993091808961,1.55838986135719,-0.188690710103128,-1.32849940599973,-1.28629343999159,0.853356953607299,-0.455750684220478,-0.614894493628771,-0.573833005358096,2.59397330965399,2.53537997340692,1.41474243812483
1264.23205566406,-0.878660317996087,-0.325650699797235,-2.12993091808961,1.55838986135719,-0.188690710103128,-1.32849940599973,-1.28629343999159,-0.856253164307709,-0.455750684220478,-0.614894493628771,-0.573833005358096,2.59397330965399,2.53537997340692,1.41474243812483
0,-0.878660317996087,0.0018363761266763,-2.12993091808961,1.55838986135719,-0.188690710103128,-1.32849940599973,-1.28629343999159,-0.856253164307709,-0.130074584349808,-0.614894493628771,-0.573833005358096,2.59397330965399,2.53537997340692,-0.706578202000684
0,-0.592941729239711,0.0018363761266763,0.469323281677592,1.55838986135719,-0.188690710103128,-1.32849940599973,-1.28629343999159,-0.648909145430145,-0.130074584349808,-0.614894493628771,-0.573833005358096,2.59397330965399,2.53537997340692,-0.706578202000684
0,-0.211983610897877,-0.653137775721146,-2.12993091808961,1.55838986135719,-0.188690710103128,-1.32849940599973,-1.28629343999159,-0.335937041464011,-0.75310712323283,-0.614894493628771,-0.573833005358096,2.59397330965399,2.53537997340692,1.41474243812483
0,-1.16437890675246,-0.653137775721146,-2.12993091808961,1.55838986135719,-0.188690710103128,-1.32849940599973,-1.28629343999159,-1.04012427538781,-0.75310712323283,-0.614894493628771,-0.573833005358096,2.59397330965399,2.53537997340692,1.41474243812483
5712.64306640625,-1.45009749550884,-0.980624851645057,-2.12993091808961,1.55838986135719,-0.188690710103128,-1.32849940599973,-1.28629343999159,-1.20052247867046,-1.02214390138686,-0.614894493628771,-0.573833005358096,2.59397330965399,2.53537997340692,1.41474243812483
0,-0.307223140483335,-0.653137775721146,0.469323281677592,1.55838986135719,-0.188690710103128,-1.32849940599973,-1.28629343999159,-0.418092218755121,-0.75310712323283,-0.614894493628771,-0.573833005358096,2.59397330965399,2.53537997340692,1.41474243812483
0,-1.069139377167,-0.325650699797235,-2.12993091808961,1.55838986135719,-0.188690710103128,-1.32849940599973,-1.28629343999159,-0.981442005894162,-0.455750684220478,-0.614894493628771,-0.573833005358096,2.59397330965399,2.53537997340692,1.41474243812483
0,-0.116744081312418,-0.325650699797235,-2.12993091808961,1.55838986135719,-0.188690710103128,-1.32849940599973,-1.28629343999159,-0.251173763306516,-0.455750684220478,-0.614894493628771,-0.573833005358096,2.59397330965399,2.53537997340692,1.41474243812483
1184.88195800781,-0.68818125882517,-0.653137775721146,-2.12993091808961,1.55838986135719,-0.188690710103128,-1.32849940599973,-1.28629343999159,-0.720631919255717,-0.75310712323283,-0.614894493628771,-0.573833005358096,2.59397330965399,2.53537997340692,1.41474243812483
10225.8798828125,-0.497702199654253,-0.325650699797235,0.469323281677592,1.55838986135719,-0.188690710103128,-1.32849940599973,-1.28629343999159,-0.574578270738188,-0.455750684220478,-0.614894493628771,-0.573833005358096,2.59397330965399,2.53537997340692,1.41474243812483
0,-1.069139377167,-0.653137775721146,-2.12993091808961,1.55838986135719,-0.188690710103128,-1.32849940599973,-1.28629343999159,-0.981442005894162,-0.75310712323283,-0.614894493628771,-0.573833005358096,2.59397330965399,2.53537997340692,1.41474243812483
4715.37109375,-0.878660317996087,-0.980624851645057,0.469323281677592,1.55838986135719,-0.188690710103128,-1.32849940599973,-1.28629343999159,-0.856253164307709,-1.02214390138686,-0.614894493628771,-0.573833005358096,2.59397330965399,2.53537997340692,1.41474243812483
289.789886474609,-0.878660317996087,-0.653137775721146,-2.12993091808961,1.55838986135719,-0.188690710103128,-1.32849940599973,-1.28629343999159,-0.856253164307709,-0.75310712323283,-0.614894493628771,-0.573833005358096,2.59397330965399,2.53537997340692,1.41474243812483
0,-0.973899847581546,-0.653137775721146,-2.12993091808961,1.55838986135719,-0.188690710103128,-1.32849940599973,-1.28629343999159,-0.920151635534128,-0.75310712323283,-0.614894493628771,-0.573833005358096,2.59397330965399,2.53537997340692,1.41474243812483
8190.4208984375,-0.592941729239711,-1.30811192756897,-2.12993091808961,-0.641448069582378,-0.188690710103128,-1.32849940599973,-1.28629343999159,-0.648909145430145,-1.26286101868257,-0.614894493628771,-0.573833005358096,2.59397330965399,2.53537997340692,1.41474243812483
4813.0498046875,-0.783420788410629,-1.96308607941679,-2.12993091808961,1.55838986135719,-0.188690710103128,-1.32849940599973,-1.28629343999159,-0.789746592214905,-1.65933627069904,-0.614894493628771,-0.573833005358096,2.59397330965399,2.53537997340692,1.41474243812483
7344.67822265625,-0.402462670068794,0.656810527974498,0.469323281677592,1.55838986135719,-0.188690710103128,-1.32849940599973,-1.28629343999159,-0.497639295179847,0.606236597966489,-0.614894493628771,-0.573833005358096,2.59397330965399,2.53537997340692,-0.706578202000684
0,-0.878660317996087,-0.653137775721146,0.469323281677592,1.55838986135719,-0.188690710103128,-1.32849940599973,-1.28629343999159,-0.856253164307709,-0.75310712323283,-0.614894493628771,-0.573833005358096,2.59397330965399,2.53537997340692,1.41474243812483
0,-0.497702199654253,-0.325650699797235,0.469323281677592,1.55838986135719,-0.188690710103128,-1.32849940599973,-1.28629343999159,-0.574578270738188,-0.455750684220478,-0.614894493628771,-0.573833005358096,2.59397330965399,2.53537997340692,1.41474243812483
0,-0.878660317996087,0.0018363761266763,0.469323281677592,1.55838986135719,-0.188690710103128,-1.32849940599973,-1.28629343999159,-0.856253164307709,-0.130074584349808,-0.614894493628771,-0.573833005358096,2.59397330965399,2.53537997340692,-0.706578202000684
0,-0.592941729239711,0.329323452050587,-2.12993091808961,1.55838986135719,-0.188690710103128,-1.32849940599973,-1.28629343999159,-0.648909145430145,0.223921176379181,-0.614894493628771,-0.573833005358096,2.59397330965399,2.53537997340692,-0.706578202000684
4350.9072265625,-1.069139377167,-0.325650699797235,-2.12993091808961,1.55838986135719,-0.188690710103128,-1.32849940599973,-1.28629343999159,-0.981442005894162,-0.455750684220478,-0.614894493628771,-0.573833005358096,2.59397330965399,2.53537997340692,1.41474243812483
7812.52197265625,1.88328603998221,-0.325650699797235,-2.12993091808961,1.55838986135719,-0.188690710103128,-1.32849940599973,-1.28629343999159,2.13132637813568,-0.455750684220478,-0.614894493628771,-0.573833005358096,2.59397330965399,2.53537997340692,1.41474243812483
0,-0.116744081312418,-2.2905731553407,-2.12993091808961,-0.641448069582378,5.29769678474325,-1.32849940599973,-1.28629343999159,-0.251173763306516,-1.8150944054198,-0.614894493628771,-0.573833005358096,2.59397330965399,2.53537997340692,1.41474243812483
3644.65502929688,-1.35485796592338,-1.30811192756897,-2.12993091808961,1.55838986135719,-0.188690710103128,-1.32849940599973,-1.28629343999159,-1.14966451177596,-1.26286101868257,-0.614894493628771,-0.573833005358096,2.59397330965399,2.53537997340692,1.41474243812483
4844.80322265625,1.02613027371309,-0.980624851645057,-2.12993091808961,1.55838986135719,-0.188690710103128,-1.32849940599973,-1.28629343999159,0.969417442161407,-1.02214390138686,-0.614894493628771,-0.573833005358096,2.59397330965399,2.53537997340692,1.41474243812483
0,0.454693096200334,-1.96308607941679,-2.12993091808961,1.55838986135719,-0.188690710103128,-1.32849940599973,-1.28629343999159,0.312176023832525,-1.65933627069904,-0.614894493628771,-0.573833005358096,2.59397330965399,2.53537997340692,1.41474243812483
0,-0.783420788410629,0.0018363761266763,-2.12993091808961,1.55838986135719,-0.188690710103128,-1.32849940599973,-1.28629343999159,-0.789746592214905,-0.130074584349808,-0.614894493628771,-0.573833005358096,2.59397330965399,2.53537997340692,-0.706578202000684
0,-1.069139377167,-0.653137775721146,-2.12993091808961,1.55838986135719,-0.188690710103128,-1.32849940599973,-1.28629343999159,-0.981442005894162,-0.75310712323283,-0.614894493628771,-0.573833005358096,2.59397330965399,2.53537997340692,1.41474243812483
14792.900390625,-0.68818125882517,0.0018363761266763,-2.12993091808961,-0.641448069582378,-0.188690710103128,-1.32849940599973,-1.28629343999159,-0.720631919255717,-0.130074584349808,-0.614894493628771,-0.573833005358096,2.59397330965399,2.53537997340692,-0.706578202000684
0,-0.116744081312418,-0.980624851645057,0.469323281677592,-0.641448069582378,5.29769678474325,-1.32849940599973,-1.28629343999159,-0.251173763306516,-1.02214390138686,-0.614894493628771,-0.573833005358096,2.59397330965399,2.53537997340692,1.41474243812483
0,-0.878660317996087,-0.653137775721146,0.469323281677592,1.55838986135719,-0.188690710103128,-1.32849940599973,-1.28629343999159,-0.856253164307709,-0.75310712323283,-0.614894493628771,-0.573833005358096,2.59397330965399,2.53537997340692,1.41474243812483
3746.70092773438,-1.069139377167,-1.30811192756897,-2.12993091808961,1.55838986135719,-0.188690710103128,-1.32849940599973,-1.28629343999159,-0.981442005894162,-1.26286101868257,-0.614894493628771,-0.573833005358096,2.59397330965399,2.53537997340692,1.41474243812483
1568.15002441406,-1.5453370250943,-1.30811192756897,-2.12993091808961,1.55838986135719,-0.188690710103128,-1.32849940599973,-1.28629343999159,-1.24877234469857,-1.26286101868257,-0.614894493628771,-0.573833005358096,2.59397330965399,2.53537997340692,1.41474243812483
7010.44384765625,-1.64057655467976,-1.30811192756897,-2.12993091808961,1.55838986135719,-0.188690710103128,-1.32849940599973,-1.28629343999159,-1.2944141098603,-1.26286101868257,-0.614894493628771,-0.573833005358096,2.59397330965399,2.53537997340692,1.41474243812483
3811.68310546875,-1.45009749550884,-0.980624851645057,-2.12993091808961,-0.641448069582378,5.29769678474325,-1.32849940599973,-1.28629343999159,-1.20052247867046,-1.02214390138686,-0.614894493628771,-0.573833005358096,2.59397330965399,2.53537997340692,1.41474243812483
10798.5595703125,-1.5453370250943,-1.30811192756897,-2.12993091808961,-0.641448069582378,5.29769678474325,-1.32849940599973,-1.28629343999159,-1.24877234469857,-1.26286101868257,-0.614894493628771,-0.573833005358096,2.59397330965399,2.53537997340692,1.41474243812483
4657.27294921875,-1.5453370250943,-0.325650699797235,-2.12993091808961,1.55838986135719,-0.188690710103128,-1.32849940599973,-1.28629343999159,-1.24877234469857,-0.455750684220478,-0.614894493628771,-0.573833005358096,2.59397330965399,2.53537997340692,1.41474243812483
8551.533203125,-1.64057655467976,-0.325650699797235,-2.12993091808961,1.55838986135719,-0.188690710103128,-1.32849940599973,-1.28629343999159,-1.2944141098603,-0.455750684220478,-0.614894493628771,-0.573833005358096,2.59397330965399,2.53537997340692,1.41474243812483
4309.8779296875,-1.45009749550884,-0.653137775721146,-2.12993091808961,1.55838986135719,-0.188690710103128,-1.32849940599973,-1.28629343999159,-1.20052247867046,-0.75310712323283,-0.614894493628771,-0.573833005358096,2.59397330965399,2.53537997340692,1.41474243812483
5286.39599609375,-1.45009749550884,-0.653137775721146,-2.12993091808961,1.55838986135719,-0.188690710103128,-1.32849940599973,-1.28629343999159,-1.20052247867046,-0.75310712323283,-0.614894493628771,-0.573833005358096,2.59397330965399,2.53537997340692,1.41474243812483
12486.169921875,-1.5453370250943,-0.980624851645057,-2.12993091808961,1.55838986135719,-0.188690710103128,-1.32849940599973,-1.28629343999159,-1.24877234469857,-1.02214390138686,-0.614894493628771,-0.573833005358096,2.59397330965399,2.53537997340692,1.41474243812483
10877.349609375,-1.5453370250943,-0.980624851645057,-2.12993091808961,1.55838986135719,-0.188690710103128,-1.32849940599973,-1.28629343999159,-1.24877234469857,-1.02214390138686,-0.614894493628771,-0.573833005358096,2.59397330965399,2.53537997340692,1.41474243812483
202.284698486328,-1.5453370250943,-0.653137775721146,-2.12993091808961,1.55838986135719,-0.188690710103128,-1.32849940599973,-1.28629343999159,-1.24877234469857,-0.75310712323283,-0.614894493628771,-0.573833005358096,2.59397330965399,2.53537997340692,1.41474243812483
2657.705078125,-1.64057655467976,-0.653137775721146,-2.12993091808961,1.55838986135719,-0.188690710103128,-1.32849940599973,-1.28629343999159,-1.2944141098603,-0.75310712323283,-0.614894493628771,-0.573833005358096,2.59397330965399,2.53537997340692,1.41474243812483
4132.5771484375,-1.5453370250943,-1.63559900349288,-2.12993091808961,1.55838986135719,-0.188690710103128,-1.32849940599973,-1.28629343999159,-1.24877234469857,-1.47525847511997,-0.614894493628771,-0.573833005358096,2.59397330965399,2.53537997340692,1.41474243812483
11303.1396484375,-1.5453370250943,-0.325650699797235,-2.12993091808961,1.55838986135719,-0.188690710103128,-1.32849940599973,-1.28629343999159,-1.24877234469857,-0.455750684220478,-0.614894493628771,-0.573833005358096,2.59397330965399,2.53537997340692,1.41474243812483
0,-1.45009749550884,-0.653137775721146,-2.12993091808961,-0.641448069582378,5.29769678474325,-1.32849940599973,-1.28629343999159,-1.20052247867046,-0.75310712323283,-0.614894493628771,-0.573833005358096,2.59397330965399,2.53537997340692,1.41474243812483
0,-1.5453370250943,-0.980624851645057,-2.12993091808961,1.55838986135719,-0.188690710103128,-1.32849940599973,-1.28629343999159,-1.24877234469857,-1.02214390138686,-0.614894493628771,-0.573833005358096,2.59397330965399,2.53537997340692,1.41474243812483
0,-1.64057655467976,-0.653137775721146,-2.12993091808961,1.55838986135719,-0.188690710103128,-1.32849940599973,-1.28629343999159,-1.2944141098603,-0.75310712323283,-0.614894493628771,-0.573833005358096,2.59397330965399,2.53537997340692,1.41474243812483
2189.42602539062,-1.64057655467976,-0.653137775721146,-2.12993091808961,1.55838986135719,-0.188690710103128,-1.32849940599973,-1.28629343999159,-1.2944141098603,-0.75310712323283,-0.614894493628771,-0.573833005358096,2.59397330965399,2.53537997340692,1.41474243812483
0,-1.45009749550884,-0.325650699797235,-2.12993091808961,1.55838986135719,-0.188690710103128,-1.32849940599973,-1.28629343999159,-1.20052247867046,-0.455750684220478,-0.614894493628771,-0.573833005358096,2.59397330965399,2.53537997340692,1.41474243812483
10210.990234375,-1.64057655467976,-1.30811192756897,-2.12993091808961,-0.641448069582378,-0.188690710103128,-1.32849940599973,-1.28629343999159,-1.2944141098603,-1.26286101868257,-0.614894493628771,-0.573833005358096,2.59397330965399,2.53537997340692,1.41474243812483
11048.080078125,-1.5453370250943,-0.653137775721146,-2.12993091808961,1.55838986135719,-0.188690710103128,-1.32849940599973,-1.28629343999159,-1.24877234469857,-0.75310712323283,-0.614894493628771,-0.573833005358096,2.59397330965399,2.53537997340692,1.41474243812483
0,-1.5453370250943,-0.980624851645057,-2.12993091808961,1.55838986135719,-0.188690710103128,-1.32849940599973,-1.28629343999159,-1.24877234469857,-1.02214390138686,-0.614894493628771,-0.573833005358096,2.59397330965399,2.53537997340692,1.41474243812483
8993.865234375,-1.64057655467976,-1.30811192756897,-2.12993091808961,1.55838986135719,-0.188690710103128,-1.32849940599973,-1.28629343999159,-1.2944141098603,-1.26286101868257,-0.614894493628771,-0.573833005358096,2.59397330965399,2.53537997340692,1.41474243812483
5071.80078125,-1.45009749550884,-1.96308607941679,-2.12993091808961,-0.641448069582378,5.29769678474325,-1.32849940599973,-1.28629343999159,-1.20052247867046,-1.65933627069904,-0.614894493628771,-0.573833005358096,2.59397330965399,2.53537997340692,1.41474243812483
3194.01000976562,-1.45009749550884,-0.653137775721146,-2.12993091808961,-0.641448069582378,-0.188690710103128,-1.32849940599973,-1.28629343999159,-1.20052247867046,-0.75310712323283,-0.614894493628771,-0.573833005358096,2.59397330965399,2.53537997340692,1.41474243812483
0,-1.64057655467976,-0.325650699797235,-2.12993091808961,-0.641448069582378,-0.188690710103128,-1.32849940599973,-1.28629343999159,-1.2944141098603,-0.455750684220478,-0.614894493628771,-0.573833005358096,2.59397330965399,2.53537997340692,1.41474243812483
5193.0888671875,-1.35485796592338,-0.980624851645057,-2.12993091808961,1.55838986135719,-0.188690710103128,-1.32849940599973,-1.28629343999159,-1.14966451177596,-1.02214390138686,-0.614894493628771,-0.573833005358096,2.59397330965399,2.53537997340692,1.41474243812483
0,-1.64057655467976,-0.980624851645057,-2.12993091808961,1.55838986135719,-0.188690710103128,-1.32849940599973,-1.28629343999159,-1.2944141098603,-1.02214390138686,-0.614894493628771,-0.573833005358096,2.59397330965399,2.53537997340692,1.41474243812483
275.566101074219,-1.64057655467976,-0.653137775721146,-2.12993091808961,1.55838986135719,-0.188690710103128,-1.32849940599973,-1.28629343999159,-1.2944141098603,-0.75310712323283,-0.614894493628771,-0.573833005358096,2.59397330965399,2.53537997340692,1.41474243812483
3590.70190429688,-1.64057655467976,-0.980624851645057,-2.12993091808961,1.55838986135719,-0.188690710103128,-1.32849940599973,-1.28629343999159,-1.2944141098603,-1.02214390138686,-0.614894493628771,-0.573833005358096,2.59397330965399,2.53537997340692,1.41474243812483
0,-1.45009749550884,-0.325650699797235,-2.12993091808961,1.55838986135719,-0.188690710103128,-1.32849940599973,-1.28629343999159,-1.20052247867046,-0.455750684220478,-0.614894493628771,-0.573833005358096,2.59397330965399,2.53537997340692,1.41474243812483
12797.669921875,-1.45009749550884,-0.653137775721146,0.469323281677592,1.55838986135719,-0.188690710103128,-1.32849940599973,-1.28629343999159,-1.20052247867046,-0.75310712323283,-0.614894493628771,-0.573833005358096,2.59397330965399,2.53537997340692,1.41474243812483
2035.91394042969,-1.35485796592338,-0.980624851645057,-2.12993091808961,1.55838986135719,-0.188690710103128,-1.32849940599973,-1.28629343999159,-1.14966451177596,-1.02214390138686,-0.614894493628771,-0.573833005358096,2.59397330965399,2.53537997340692,1.41474243812483
2389.67895507812,-1.5453370250943,-0.980624851645057,-2.12993091808961,1.55838986135719,-0.188690710103128,-1.32849940599973,-1.28629343999159,-1.24877234469857,-1.02214390138686,-0.614894493628771,-0.573833005358096,2.59397330965399,2.53537997340692,1.41474243812483
0,-1.5453370250943,-0.325650699797235,-2.12993091808961,1.55838986135719,-0.188690710103128,-1.32849940599973,-1.28629343999159,-1.24877234469857,-0.455750684220478,-0.614894493628771,-0.573833005358096,2.59397330965399,2.53537997340692,1.41474243812483
8469.275390625,-1.64057655467976,-0.653137775721146,-2.12993091808961,-0.641448069582378,5.29769678474325,-1.32849940599973,-1.28629343999159,-1.2944141098603,-0.75310712323283,-0.614894493628771,-0.573833005358096,2.59397330965399,2.53537997340692,1.41474243812483
0,-1.45009749550884,-0.325650699797235,-2.12993091808961,1.55838986135719,-0.188690710103128,-1.32849940599973,-1.28629343999159,-1.20052247867046,-0.455750684220478,-0.614894493628771,-0.573833005358096,2.59397330965399,2.53537997340692,1.41474243812483
1143.38696289062,-1.64057655467976,-0.653137775721146,-2.12993091808961,1.55838986135719,-0.188690710103128,-1.32849940599973,-1.28629343999159,-1.2944141098603,-0.75310712323283,-0.614894493628771,-0.573833005358096,2.59397330965399,2.53537997340692,1.41474243812483
5114.81396484375,-1.64057655467976,-0.980624851645057,-2.12993091808961,-0.641448069582378,5.29769678474325,-1.32849940599973,-1.28629343999159,-1.2944141098603,-1.02214390138686,-0.614894493628771,-0.573833005358096,2.59397330965399,2.53537997340692,1.41474243812483
781.224304199219,-1.5453370250943,-0.653137775721146,-2.12993091808961,1.55838986135719,-0.188690710103128,-1.32849940599973,-1.28629343999159,-1.24877234469857,-0.75310712323283,-0.614894493628771,-0.573833005358096,2.59397330965399,2.53537997340692,1.41474243812483
3343.22412109375,-1.25961843633792,-0.980624851645057,-2.12993091808961,1.55838986135719,-0.188690710103128,-1.28539430175292,-1.28629343999159,-1.09619844401508,-1.02214390138686,-0.614481221971534,-0.573833005358096,-0.385364862662207,2.53537997340692,1.41474243812483
9602.439453125,-1.5453370250943,-0.653137775721146,-2.12993091808961,1.55838986135719,-0.188690710103128,-1.21457866818646,-1.28629343999159,-1.24877234469857,-0.75310712323283,-0.612007912285462,-0.573833005358096,-0.385364862662207,2.53537997340692,1.41474243812483
0,-1.45009749550884,-0.325650699797235,-2.12993091808961,1.55838986135719,-0.188690710103128,-1.20996032817796,-1.28629343999159,-1.20052247867046,-0.455750684220478,-0.611769124551386,-0.573833005358096,-0.385364862662207,2.53537997340692,1.41474243812483
16461.5703125,-0.973899847581546,-0.980624851645057,-2.12993091808961,1.55838986135719,-0.188690710103128,-1.12528945663905,-1.28629343999159,-0.920151635534128,-1.02214390138686,-0.605709726333503,-0.573833005358096,-0.385364862662207,2.53537997340692,1.41474243812483
6771.6220703125,-0.592941729239711,-0.325650699797235,0.469323281677592,-0.641448069582378,5.29769678474325,-1.075410619509,-1.28629343999159,-0.648909145430145,-0.455750684220478,-0.600647473784939,-0.573833005358096,-0.385364862662207,2.53537997340692,1.41474243812483
0,-0.878660317996087,-0.325650699797235,-2.12993091808961,1.55838986135719,-0.188690710103128,-0.943632163927353,-1.28629343999159,-0.856253164307709,-0.455750684220478,-0.581948689070357,-0.573833005358096,-0.385364862662207,2.53537997340692,1.41474243812483
11011.5703125,-1.25961843633792,-1.63559900349288,-2.12993091808961,1.55838986135719,-0.188690710103128,1.13464951993656,-1.28629343999159,-1.09619844401508,-1.47525847511997,0.734564101518128,-0.573833005358096,-0.385364862662207,2.53537997340692,1.41474243812483
0,0.454693096200334,-0.325650699797235,-2.12993091808961,1.55838986135719,-0.188690710103128,-1.32849940599973,-1.28026296157224,0.312176023832525,-0.455750684220478,-0.614894493628771,-0.573825142884846,2.59397330965399,-0.3942707518041,1.41474243812483
0,0.168974507443958,0.0018363761266763,-2.12993091808961,1.55838986135719,-0.188690710103128,-1.32849940599973,-1.27603262584977,0.0187646763642747,-0.130074584349808,-0.614894493628771,-0.573810242893261,2.59397330965399,-0.3942707518041,-0.706578202000684
0,-0.973899847581546,0.0018363761266763,-2.12993091808961,1.55838986135719,-0.188690710103128,-1.32849940599973,-1.27477252409278,-0.920151635534128,-0.130074584349808,-0.614894493628771,-0.573804308810023,2.59397330965399,-0.3942707518041,-0.706578202000684
4251.126953125,-1.64057655467976,-0.325650699797235,-2.12993091808961,1.55838986135719,-0.188690710103128,-1.25640716828343,-1.27438896136873,-1.2944141098603,-0.455750684220478,-0.613738500548496,-0.573802366229841,-0.385364862662207,-0.3942707518041,1.41474243812483
2891.66796875,-1.5453370250943,-0.653137775721146,-2.12993091808961,1.55838986135719,-0.188690710103128,-1.25850893731664,-1.26899191537845,-1.24877234469857,-0.75310712323283,-0.613804921398987,-0.573768287461252,-0.385364862662207,-0.3942707518041,1.41474243812483
5514.365234375,-1.5453370250943,-0.653137775721146,-2.12993091808961,1.55838986135719,-0.188690710103128,-1.32849940599973,-1.26658189070998,-1.24877234469857,-0.75310712323283,-0.614894493628771,-0.573749001899756,2.59397330965399,-0.3942707518041,1.41474243812483
4858.89501953125,-0.592941729239711,-0.653137775721146,-2.12993091808961,1.55838986135719,-0.188690710103128,-1.22127990480285,-1.25978895097439,-0.648909145430145,-0.75310712323283,-0.61233752271849,-0.573681127481277,-0.385364862662207,-0.3942707518041,1.41474243812483
4812.576171875,-0.68818125882517,0.329323452050587,-2.12993091808961,-0.641448069582378,-0.188690710103128,-0.948510296681076,-1.25210195587281,-0.720631919255717,0.223921176379181,-0.582778562222761,-0.573580255133562,-0.385364862662207,-0.3942707518041,-0.706578202000684
0,-0.307223140483335,0.0018363761266763,-2.12993091808961,-0.641448069582378,-0.188690710103128,-1.32849940599973,-1.25065062800759,-0.418092218755121,-0.130074584349808,-0.614894493628771,-0.573558342733956,2.59397330965399,-0.3942707518041,-0.706578202000684
604.19873046875,-1.16437890675246,-0.980624851645057,-2.12993091808961,1.55838986135719,-0.188690710103128,-1.32849940599973,-1.24980289949976,-1.04012427538781,-1.02214390138686,-0.614894493628771,-0.573545122213556,2.59397330965399,-0.3942707518041,1.41474243812483
14527.8798828125,-0.307223140483335,-0.653137775721146,-2.12993091808961,1.55838986135719,-0.188690710103128,-1.32849940599973,-1.24879130405234,-0.418092218755121,-0.75310712323283,-0.614894493628771,-0.573528939503667,2.59397330965399,-0.3942707518041,1.41474243812483
0,-0.783420788410629,-0.653137775721146,0.469323281677592,1.55838986135719,-0.188690710103128,-0.88102421173657,-1.24602954424711,-0.789746592214905,-0.75310712323283,-0.570357986578901,-0.57348250599644,-0.385364862662207,-0.3942707518041,1.41474243812483
7300.498046875,-1.5453370250943,-0.980624851645057,-2.12993091808961,-0.641448069582378,-0.188690710103128,-1.32849940599973,-1.24597026733114,-1.24877234469857,-1.02214390138686,-0.614894493628771,-0.573481473219332,2.59397330965399,-0.3942707518041,1.41474243812483
0,-1.069139377167,-0.325650699797235,-2.12993091808961,1.55838986135719,-0.188690710103128,-0.86339285632249,-1.24444307090688,-0.981442005894162,-0.455750684220478,-0.566779200833302,-0.573454341173003,-0.385364862662207,-0.3942707518041,1.41474243812483
4159.9189453125,-1.35485796592338,0.0018363761266763,-2.12993091808961,1.55838986135719,-0.188690710103128,-1.32849940599973,-1.24364863356916,-1.14966451177596,-0.130074584349808,-0.614894493628771,-0.573439828506837,2.59397330965399,-0.3942707518041,-0.706578202000684
0,-1.45009749550884,-0.653137775721146,-2.12993091808961,1.55838986135719,-0.188690710103128,-1.32849940599973,-1.24275953260634,-1.20052247867046,-0.75310712323283,-0.614894493628771,-0.573423262923477,2.59397330965399,-0.3942707518041,1.41474243812483
5497.5908203125,-1.5453370250943,-0.325650699797235,-2.12993091808961,1.55838986135719,-0.188690710103128,-1.25091017298692,-1.23979663678703,-1.24877234469857,-0.455750684220478,-0.613555491893422,-0.573365591229938,-0.385364862662207,-0.3942707518041,1.41474243812483
0,-1.64057655467976,-0.653137775721146,-2.12993091808961,1.55838986135719,-0.188690710103128,-1.32849940599973,-1.23840616253865,-1.2944141098603,-0.75310712323283,-0.614894493628771,-0.573337217440226,2.59397330965399,-0.3942707518041,1.41474243812483
0,-0.68818125882517,0.0018363761266763,0.469323281677592,1.55838986135719,-0.188690710103128,-1.32849940599973,-1.23207798012453,-0.720631919255717,-0.130074584349808,-0.614894493628771,-0.573197525284136,2.59397330965399,-0.3942707518041,-0.706578202000684
0,-0.68818125882517,-0.325650699797235,-2.12993091808961,1.55838986135719,-0.188690710103128,-1.10512541552026,-1.23107576571746,-0.720631919255717,-0.455750684220478,-0.60379652666197,-0.573173813451298,-0.385364862662207,-0.3942707518041,1.41474243812483
16477.01953125,-0.592941729239711,0.0018363761266763,-2.12993091808961,-0.641448069582378,-0.188690710103128,-1.32849940599973,-1.22840643092995,-0.648909145430145,-0.130074584349808,-0.614894493628771,-0.573108539593634,2.59397330965399,-0.3942707518041,-0.706578202000684
0,-0.592941729239711,-0.325650699797235,-2.12993091808961,1.55838986135719,-0.188690710103128,-1.15127273426799,-1.22407313795985,-0.648909145430145,-0.455750684220478,-0.60790836808987,-0.57299601611697,-0.385364862662207,-0.3942707518041,1.41474243812483
39483.53125,-1.25961843633792,-0.653137775721146,-2.12993091808961,1.55838986135719,-0.188690710103128,-0.843078849921576,-1.20253636280352,-1.09619844401508,-0.75310712323283,-0.562484446632027,-0.572316308898708,-0.385364862662207,-0.3942707518041,1.41474243812483
11306.26953125,-1.64057655467976,-0.653137775721146,-2.12993091808961,-0.641448069582378,5.29769678474325,-0.971042095498277,-1.20206511176143,-1.2944141098603,-0.75310712323283,-0.586474329013236,-0.572299193795553,-0.385364862662207,-0.3942707518041,1.41474243812483
6672.02099609375,-0.783420788410629,-0.325650699797235,-2.12993091808961,1.55838986135719,-0.188690710103128,-0.98599272141686,-1.20162635351168,-0.789746592214905,-0.455750684220478,-0.588801955543387,-0.572283172456911,-0.385364862662207,-0.3942707518041,1.41474243812483
9378.6533203125,-0.497702199654253,-0.980624851645057,-2.12993091808961,1.55838986135719,-0.188690710103128,-1.32849940599973,-1.19954871475962,-0.574578270738188,-1.02214390138686,-0.614894493628771,-0.572206176764673,2.59397330965399,-0.3942707518041,1.41474243812483
5088.98583984375,-1.64057655467976,-0.653137775721146,-2.12993091808961,-0.641448069582378,5.29769678474325,-1.24078719619554,-1.19696875714129,-1.2944141098603,-0.75310712323283,-0.613183303258284,-0.572107967576383,-0.385364862662207,-0.3942707518041,1.41474243812483
2639.2900390625,-1.16437890675246,-0.325650699797235,-2.12993091808961,1.55838986135719,-0.188690710103128,-0.751762358265498,-1.19105772535798,-1.04012427538781,-0.455750684220478,-0.540911155591179,-0.571872105858708,-0.385364862662207,-0.3942707518041,1.41474243812483
9495.90234375,-0.973899847581546,-0.325650699797235,-2.12993091808961,1.55838986135719,-0.188690710103128,-1.32849940599973,-1.19060138370491,-0.920151635534128,-0.455750684220478,-0.614894493628771,-0.571853268723324,2.59397330965399,-0.3942707518041,1.41474243812483
20893.109375,-1.35485796592338,0.0018363761266763,-2.12993091808961,1.55838986135719,-0.188690710103128,-1.28785747572941,-1.18746831854056,-1.14966451177596,-0.130074584349808,-0.614527104014522,-0.571721508891095,-0.385364862662207,-0.3942707518041,-0.706578202000684
0,-1.5453370250943,0.0018363761266763,-2.12993091808961,1.55838986135719,-0.188690710103128,-1.32849940599973,-1.18501555252407,-1.24877234469857,-0.130074584349808,-0.614894493628771,-0.5716153966749,2.59397330965399,-0.3942707518041,-0.706578202000684
10361.6904296875,-0.973899847581546,-0.325650699797235,-2.12993091808961,-0.641448069582378,-0.188690710103128,-1.13394495669336,-1.18048520932821,-0.920151635534128,-0.455750684220478,-0.6064754927136,-0.57141256408499,-0.385364862662207,-0.3942707518041,1.41474243812483
1740.19897460938,-1.25961843633792,-0.980624851645057,-2.12993091808961,-0.641448069582378,-0.188690710103128,-1.11072085166454,-1.17264649470075,-1.09619844401508,-1.02214390138686,-0.604345562830297,-0.571040646829848,-0.385364862662207,-0.3942707518041,1.41474243812483
0,-0.402462670068794,-1.30811192756897,-2.12993091808961,1.55838986135719,-0.188690710103128,-1.32849940599973,-1.16331575045567,-0.497639295179847,-1.26286101868257,-0.614894493628771,-0.570563302368303,2.59397330965399,-0.3942707518041,1.41474243812483
0,-0.307223140483335,-0.325650699797235,-2.12993091808961,1.55838986135719,-0.188690710103128,-0.0377578124922544,-1.161889876304,-0.418092218755121,-0.455750684220478,-0.244335948429571,-0.570487041169655,-0.385364862662207,-0.3942707518041,1.41474243812483
6354.19384765625,-1.64057655467976,-0.653137775721146,-2.12993091808961,-0.641448069582378,5.29769678474325,-1.22336498088008,-1.16130519955612,-1.2944141098603,-0.75310712323283,-0.612436005526515,-0.570455516274911,-0.385364862662207,-0.3942707518041,1.41474243812483
7171,-1.45009749550884,-0.980624851645057,-2.12993091808961,1.55838986135719,-0.188690710103128,-0.715653408419831,-1.15816852799089,-1.20052247867046,-1.02214390138686,-0.531357098193615,-0.570283868014884,-0.385364862662207,-0.3942707518041,1.41474243812483
5573.546875,-1.069139377167,-0.325650699797235,-2.12993091808961,1.55838986135719,-0.188690710103128,-1.32849940599973,-1.14967048411728,-0.981442005894162,-0.455750684220478,-0.614894493628771,-0.569797452873099,2.59397330965399,-0.3942707518041,1.41474243812483
439.688110351562,-1.16437890675246,0.0018363761266763,-2.12993091808961,1.55838986135719,-0.188690710103128,-1.00930855986537,-1.14191296628626,-1.04012427538781,-0.130074584349808,-0.592233493237085,-0.569326160894077,-0.385364862662207,-0.3942707518041,-0.706578202000684
16969.94921875,-0.497702199654253,0.0018363761266763,-2.12993091808961,1.55838986135719,-0.188690710103128,0.337367112676445,-1.13639847147409,-0.574578270738188,-0.130074584349808,0.00235198582161496,-0.56897531580726,-0.385364862662207,-0.3942707518041,-0.706578202000684
5344.02099609375,-1.16437890675246,-0.653137775721146,-2.12993091808961,1.55838986135719,-0.188690710103128,-1.32849940599973,-1.12957129072135,-1.04012427538781,-0.75310712323283,-0.614894493628771,-0.568522737802258,2.59397330965399,-0.3942707518041,1.41474243812483
2725.32202148438,-0.497702199654253,0.329323452050587,-2.12993091808961,1.55838986135719,-0.188690710103128,-1.27615747050743,-1.12304113666369,-0.574578270738188,0.223921176379181,-0.614285128247216,-0.568070991738025,-0.385364862662207,-0.3942707518041,-0.706578202000684
9772.283203125,-1.45009749550884,-0.325650699797235,-2.12993091808961,1.55838986135719,-0.188690710103128,-1.27593218899201,-1.11007003859165,-1.20052247867046,-0.455750684220478,-0.614279871499196,-0.567118982665598,-0.385364862662207,-0.3942707518041,1.41474243812483
0,-1.64057655467976,-0.980624851645057,-2.12993091808961,1.55838986135719,-0.188690710103128,-1.32849940599973,-1.09928459537615,-1.2944141098603,-1.02214390138686,-0.614894493628771,-0.56627199314237,2.59397330965399,-0.3942707518041,1.41474243812483
0,-1.5453370250943,-0.653137775721146,-2.12993091808961,1.55838986135719,-0.188690710103128,-1.203409946423,-1.09302581858682,-1.24877234469857,-0.75310712323283,-0.611414169801955,-0.565757423029293,-0.385364862662207,-0.3942707518041,1.41474243812483
1720.90698242188,-1.45009749550884,0.0018363761266763,-2.12993091808961,1.55838986135719,-0.188690710103128,-0.715116102509296,-1.08350915997822,-1.20052247867046,-0.130074584349808,-0.531210553016629,-0.56494254569451,-0.385364862662207,-0.3942707518041,-0.706578202000684
0,-1.35485796592338,-1.96308607941679,-2.12993091808961,1.55838986135719,-0.188690710103128,-0.890752081872056,-1.08088517788083,-1.14966451177596,-1.65933627069904,-0.572273337873465,-0.564710976076661,-0.385364862662207,-0.3942707518041,1.41474243812483
18859.890625,-0.116744081312418,-0.325650699797235,-2.12993091808961,1.55838986135719,-0.188690710103128,-0.561582255151173,-1.07733922379598,-0.251173763306516,-0.455750684220478,-0.484074199087729,-0.564393311217114,-0.385364862662207,-0.3942707518041,1.41474243812483
1324.5419921875,0.168974507443958,-0.325650699797235,-2.12993091808961,-0.641448069582378,5.29769678474325,-0.931790902404818,-1.06551760003436,0.0187646763642747,-0.455750684220478,-0.579890206145702,-0.563294992185735,-0.385364862662207,-0.3942707518041,1.41474243812483
284.658386230469,-0.878660317996087,-0.325650699797235,-2.12993091808961,1.55838986135719,-0.188690710103128,-0.220081435699364,-1.06488002354281,-0.856253164307709,-0.455750684220478,-0.341628657902398,-0.563234039039481,-0.385364862662207,-0.3942707518041,1.41474243812483
11195.9296875,-1.45009749550884,-0.325650699797235,-2.12993091808961,1.55838986135719,-0.188690710103128,-1.07314671130065,-1.0495350692648,-1.20052247867046,-0.455750684220478,-0.600391451357106,-0.561714018041337,-0.385364862662207,-0.3942707518041,1.41474243812483
0,-1.069139377167,-1.30811192756897,-2.12993091808961,1.55838986135719,-0.188690710103128,-0.765597380547848,-1.04107723236298,-0.981442005894162,-1.26286101868257,-0.544418072015823,-0.560832686965266,-0.385364862662207,-0.3942707518041,1.41474243812483
0,-1.64057655467976,-0.325650699797235,-2.12993091808961,1.55838986135719,-0.188690710103128,-1.03111890985236,-1.01276051150936,-1.2944141098603,-0.455750684220478,-0.595224546812816,-0.557656866144438,-0.385364862662207,-0.3942707518041,1.41474243812483
7565.27294921875,0.835651214542169,-0.653137775721146,-2.12993091808961,1.55838986135719,-0.188690710103128,-1.14610456307209,-0.988807553315248,0.739904565919575,-0.75310712323283,-0.607494977316322,-0.554699771527697,-0.385364862662207,-0.3942707518041,1.41474243812483
0,-0.783420788410629,-0.325650699797235,0.469323281677592,1.55838986135719,-0.188690710103128,-1.32849940599973,-0.984751495815884,-0.789746592214905,-0.455750684220478,-0.614894493628771,-0.554174472316321,2.59397330965399,-0.3942707518041,1.41474243812483
0,-0.68818125882517,-0.325650699797235,0.469323281677592,1.55838986135719,-0.188690710103128,-1.32849940599973,-0.962618855272842,-0.720631919255717,-0.455750684220478,-0.614894493628771,-0.551182763458692,2.59397330965399,-0.3942707518041,1.41474243812483
0,-1.45009749550884,-0.325650699797235,-2.12993091808961,1.55838986135719,-0.188690710103128,-0.866658857845569,-0.961813238092386,-1.20052247867046,-0.455750684220478,-0.567452564306517,-0.55106987147676,-0.385364862662207,-0.3942707518041,1.41474243812483
4974.5859375,-0.592941729239711,-0.325650699797235,0.469323281677592,1.55838986135719,-0.188690710103128,-0.702278334230168,-0.897622046774696,-0.648909145430145,-0.455750684220478,-0.527670980167222,-0.541172657965763,-0.385364862662207,-0.3942707518041,1.41474243812483
12780.01953125,-0.592941729239711,0.0018363761266763,0.469323281677592,1.55838986135719,-0.188690710103128,-0.557115072461077,-0.886268569031965,-0.648909145430145,-0.130074584349808,-0.482545741489762,-0.539236707048923,-0.385364862662207,-0.3942707518041,-0.706578202000684
3523.57788085938,-0.783420788410629,-1.30811192756897,-2.12993091808961,1.55838986135719,-0.188690710103128,-1.2464217649342,-0.88546569623462,-0.789746592214905,-1.26286101868257,-0.613396092972146,-0.539097694186182,-0.385364862662207,-0.3942707518041,1.41474243812483
0,-0.307223140483335,0.0018363761266763,-2.12993091808961,1.55838986135719,-0.188690710103128,-1.32849940599973,-0.881768343681527,-0.418092218755121,-0.130074584349808,-0.614894493628771,-0.538453921266799,2.59397330965399,-0.3942707518041,-0.706578202000684
10274.83984375,-1.069139377167,-0.325650699797235,-2.12993091808961,1.55838986135719,-0.188690710103128,-0.773389205829935,-0.874382575412648,-0.981442005894162,-0.455750684220478,-0.546355671368112,-0.537150233925825,-0.385364862662207,-0.3942707518041,1.41474243812483
4779.72021484375,-1.35485796592338,0.0018363761266763,-2.12993091808961,1.55838986135719,-0.188690710103128,-0.805080042180912,-0.853606856395633,-1.14966451177596,-0.130074584349808,-0.553957953401997,-0.53335654712499,-0.385364862662207,-0.3942707518041,-0.706578202000684
16988.1796875,-0.592941729239711,-0.653137775721146,0.469323281677592,1.55838986135719,-0.188690710103128,-0.724127398709261,-0.821559076334824,-0.648909145430145,-0.75310712323283,-0.533651315502553,-0.527138560271112,-0.385364862662207,-0.3942707518041,1.41474243812483
499.257202148438,0.454693096200334,0.0018363761266763,0.469323281677592,1.55838986135719,-0.188690710103128,0.113342715171427,-0.810126609616676,0.312176023832525,-0.130074584349808,-0.152498950414305,-0.524812935679917,-0.385364862662207,-0.3942707518041,-0.706578202000684
3083.5810546875,-1.25961843633792,-1.30811192756897,-2.12993091808961,1.55838986135719,-0.188690710103128,1.55518768299641,-0.81011457655227,-1.09619844401508,-1.26286101868257,1.23469133089296,-0.524810458106634,-0.385364862662207,-0.3942707518041,1.41474243812483
3708.71899414062,-1.16437890675246,-0.325650699797235,-2.12993091808961,1.55838986135719,-0.188690710103128,-0.686471577172017,-0.783728529216717,-1.04012427538781,-0.455750684220478,-0.523212103137115,-0.519227054852453,-0.385364862662207,-0.3942707518041,1.41474243812483
7659.2177734375,-1.35485796592338,-0.325650699797235,-2.12993091808961,1.55838986135719,-0.188690710103128,-0.744836876493597,-0.733836453513433,-1.14966451177596,-0.455750684220478,-0.539123697884361,-0.507846886368027,-0.385364862662207,-0.3942707518041,1.41474243812483
20857.83984375,-1.25961843633792,-0.325650699797235,-2.12993091808961,-0.641448069582378,5.29769678474325,-1.11042047631065,-0.643505294545744,-1.09619844401508,-0.455750684220478,-0.604316443121654,-0.484504233506087,-0.385364862662207,-0.3942707518041,1.41474243812483
7078.17822265625,-1.069139377167,0.0018363761266763,-2.12993091808961,-0.641448069582378,5.29769678474325,-0.911534611910321,-0.6406076481941,-0.981442005894162,-0.130074584349808,-0.576224242086631,-0.483697041849978,-0.385364862662207,-0.3942707518041,-0.706578202000684
0,-0.497702199654253,-0.980624851645057,-2.12993091808961,1.55838986135719,-0.188690710103128,-0.65303129412624,-0.626195414737393,-0.574578270738188,-1.02214390138686,-0.51341274900054,-0.479628317987517,-0.385364862662207,-0.3942707518041,1.41474243812483
1239.84399414062,-0.592941729239711,-0.980624851645057,0.469323281677592,1.55838986135719,-0.188690710103128,-0.583548032437322,-0.62261026523223,-0.648909145430145,-1.02214390138686,-0.491460701155722,-0.478602242941728,-0.385364862662207,-0.3942707518041,1.41474243812483
3982.80102539062,-0.402462670068794,-0.325650699797235,0.469323281677592,1.55838986135719,-0.188690710103128,-1.32849940599973,-0.615297047193779,-0.497639295179847,-0.455750684220478,-0.614894493628771,-0.476491957614204,2.59397330965399,-0.3942707518041,1.41474243812483
0,-0.878660317996087,-0.653137775721146,0.469323281677592,1.55838986135719,-0.188690710103128,-0.343240561521939,-0.614756192614666,-0.856253164307709,-0.75310712323283,-0.398981436556461,-0.476334971466168,-0.385364862662207,-0.3942707518041,1.41474243812483
0,-0.592941729239711,-0.325650699797235,0.469323281677592,1.55838986135719,-0.188690710103128,-1.26842260943723,-0.563273465423797,-0.648909145430145,-0.455750684220478,-0.614091722479021,-0.460812762371236,-0.385364862662207,-0.3942707518041,1.41474243812483
7094.919921875,-1.16437890675246,-0.653137775721146,-2.12993091808961,-0.641448069582378,-0.188690710103128,0.702097339049829,-0.522578204551369,-1.04012427538781,-0.75310712323283,0.302224301173701,-0.44773199840189,-0.385364862662207,-0.3942707518041,1.41474243812483
12359.3095703125,0.930890744127627,-0.980624851645057,0.469323281677592,1.55838986135719,-0.188690710103128,-0.435003159416453,-0.503946235771851,0.853356953607299,-1.02214390138686,-0.437326909014909,-0.441504101380462,-0.385364862662207,-0.3942707518041,1.41474243812483
0,-1.25961843633792,-0.980624851645057,-2.12993091808961,1.55838986135719,-0.188690710103128,0.995203050722877,-0.395861240251129,-1.09619844401508,-1.02214390138686,0.586095133843123,-0.402414636323641,-0.385364862662207,-0.3942707518041,1.41474243812483
0,-0.592941729239711,-0.325650699797235,-2.12993091808961,1.55838986135719,-0.188690710103128,-0.0538216223913132,-0.322792602890939,-0.648909145430145,-0.455750684220478,-0.253502060207113,-0.373127244495313,-0.385364862662207,-0.3942707518041,1.41474243812483
16900.30078125,-0.497702199654253,-0.980624851645057,-2.12993091808961,-0.641448069582378,5.29769678474325,-0.629320589208248,-0.108787859754688,-0.574578270738188,-1.02214390138686,-0.506163152184809,-0.274067543294222,-0.385364862662207,-0.3942707518041,1.41474243812483
7343.9638671875,-0.878660317996087,-0.980624851645057,0.469323281677592,1.55838986135719,-0.188690710103128,0.473800968141152,-0.065159064443789,-0.856253164307709,-1.02214390138686,0.107596716813952,-0.25144226495499,-0.385364862662207,-0.3942707518041,1.41474243812483
5448.80078125,-1.16437890675246,-0.653137775721146,0.469323281677592,-0.641448069582378,-0.188690710103128,0.545895607721619,0.373336920799395,-1.04012427538781,-0.75310712323283,0.166554188025921,0.0216623627288063,-0.385364862662207,-0.3942707518041,1.41474243812483
